Date,Open,High,Low,Close,Adj Close,Volume
2019-07-10,243.0,247.0,243.0,247.0,220.9696807861328,23812131
2019-07-11,250.0,250.0,247.5,250.0,223.6534881591797,31160289
2019-07-12,252.0,252.0,249.5,250.5,224.100830078125,23479432
2019-07-15,251.0,254.5,249.5,254.5,227.67926025390625,29727300
2019-07-16,254.0,256.5,253.5,256.0,229.02117919921875,21361249
2019-07-17,254.0,254.0,251.0,252.0,225.44273376464844,25573648
2019-07-18,252.0,254.5,251.5,254.0,227.23196411132812,20842575
2019-07-19,259.5,261.0,259.0,259.0,231.70501708984375,59709798
2019-07-22,263.0,264.0,262.0,264.0,236.17808532714844,31522639
2019-07-23,265.5,266.5,262.5,264.0,236.17808532714844,29273223
2019-07-24,266.5,266.5,263.0,265.0,237.07272338867188,23734039
2019-07-25,264.0,265.0,261.5,265.0,237.07272338867188,30433545
2019-07-26,261.0,262.5,261.0,261.0,233.49429321289062,20438071
2019-07-29,260.0,262.0,259.5,261.0,233.49429321289062,17509320
2019-07-30,262.5,263.0,260.0,260.0,232.5996551513672,22670612
2019-07-31,260.0,260.0,257.0,259.5,232.15237426757812,31635601
2019-08-01,257.5,257.5,255.5,256.5,229.46853637695312,30017526
2019-08-02,252.0,253.5,250.5,251.5,224.9954376220703,54021644
2019-08-05,251.0,252.0,245.5,246.5,220.52232360839844,51535721
2019-08-06,240.0,250.0,240.0,248.5,222.3115997314453,58625879
2019-08-07,250.0,250.5,246.5,248.0,221.86428833007812,29435460
2019-08-08,248.0,254.0,248.0,253.5,226.78465270996094,29725266
2019-08-12,254.5,254.5,251.0,251.0,224.5481414794922,21794603
2019-08-13,249.0,249.5,246.5,246.5,220.52232360839844,23121107
2019-08-14,252.5,254.0,249.5,249.5,223.2062225341797,35216703
2019-08-15,247.0,248.5,246.0,248.0,221.86428833007812,27624412
2019-08-16,249.5,252.0,248.0,250.0,223.6534881591797,25370715
2019-08-19,251.5,253.0,250.5,252.0,225.44273376464844,24060514
2019-08-20,254.0,254.5,252.5,254.5,227.67926025390625,19960494
2019-08-21,254.5,255.0,253.0,254.5,227.67926025390625,20269296
2019-08-22,257.0,257.5,254.0,254.0,227.23196411132812,21900840
2019-08-23,253.5,254.5,253.0,254.0,227.23196411132812,14166877
2019-08-26,249.0,250.5,248.5,248.5,222.3115997314453,31678620
2019-08-27,250.5,251.0,248.5,250.0,223.6534881591797,50234951
2019-08-28,250.5,253.0,250.5,252.0,225.44273376464844,15132882
2019-08-29,253.0,254.0,251.0,254.0,227.23196411132812,19587767
2019-08-30,256.5,259.0,256.0,259.0,231.70501708984375,35184201
2019-09-02,258.0,258.0,256.0,257.5,230.36312866210938,14614854
2019-09-03,256.5,258.0,253.0,254.0,227.23196411132812,25762495
2019-09-04,254.0,258.0,254.0,257.5,230.36312866210938,22540733
2019-09-05,263.0,263.0,260.5,263.0,235.2835235595703,48791728
2019-09-06,265.0,265.0,263.0,263.5,235.73081970214844,25408515
2019-09-10,263.5,264.0,260.5,261.5,233.94158935546875,29308866
2019-09-11,264.0,264.5,260.5,263.0,235.2835235595703,36196015
2019-09-12,265.0,265.0,261.5,262.5,234.83616638183594,26017293
2019-09-16,262.0,265.5,261.5,265.5,237.52003479003906,32573966
2019-09-17,266.5,266.5,264.5,265.0,237.07272338867188,27600844
2019-09-18,267.0,269.5,266.5,267.0,238.86195373535156,47684759
2019-09-19,268.0,268.0,264.0,265.0,238.86195373535156,25233567
2019-09-20,266.0,266.5,264.0,264.0,237.96055603027344,43868865
2019-09-23,264.0,264.0,263.0,264.0,237.96055603027344,13093208
2019-09-24,263.5,265.5,262.0,265.0,238.86195373535156,24244943
2019-09-25,262.5,266.0,262.0,266.0,239.76332092285156,21003163
2019-09-26,269.0,269.5,266.5,268.0,241.5660400390625,29940103
2019-09-27,271.5,272.5,271.0,272.0,245.17149353027344,41235817
2019-10-01,273.0,280.5,273.0,280.0,252.3824462890625,71743890
2019-10-02,280.0,281.0,279.0,279.5,251.93174743652344,29295953
2019-10-03,274.0,277.5,274.0,276.5,249.22763061523438,31890864
2019-10-04,279.5,280.0,275.0,276.5,249.22763061523438,35169613
2019-10-07,279.0,279.5,277.5,278.0,250.5797119140625,17510230
2019-10-08,283.5,286.5,282.5,286.5,258.2413024902344,35278551
2019-10-09,283.5,286.0,282.0,282.0,254.1851806640625,34777456
2019-10-14,291.5,291.5,288.5,290.0,261.39605712890625,46683517
2019-10-15,293.5,296.0,292.0,293.5,264.55084228515625,38018567
2019-10-16,298.0,298.0,293.5,296.5,267.2550048828125,40297144
2019-10-17,295.0,295.5,292.0,293.5,264.55084228515625,40271938
2019-10-18,293.0,295.5,291.0,293.0,264.1001892089844,45102984
2019-10-21,291.0,291.0,288.5,290.0,261.39605712890625,34634365
2019-10-22,292.5,294.0,291.5,294.0,265.0015563964844,26005020
2019-10-23,293.5,293.5,290.5,293.0,264.1001892089844,28675408
2019-10-24,294.5,294.5,291.0,293.0,264.1001892089844,29040827
2019-10-25,294.5,294.5,292.5,293.5,264.55084228515625,22682711
2019-10-28,295.0,295.5,294.0,294.5,265.4522399902344,20076561
2019-10-29,297.0,298.5,296.5,298.5,269.0576477050781,36682131
2019-10-30,298.5,299.5,296.5,299.5,269.9591064453125,32370342
2019-10-31,300.0,301.5,298.5,298.5,269.0576477050781,40944514
2019-11-01,299.5,299.5,296.5,299.0,269.5083923339844,30121678
2019-11-04,302.5,308.0,301.0,307.0,276.71923828125,44899671
2019-11-05,307.5,310.5,307.0,310.5,279.87408447265625,32201184
2019-11-06,309.0,311.5,308.0,311.0,280.3247985839844,22149743
2019-11-07,310.0,310.0,306.5,309.0,278.5220642089844,28291659
2019-11-08,308.5,309.0,305.5,305.5,275.3672790527344,25651542
2019-11-11,305.0,305.0,300.0,301.0,271.3110656738281,35165583
2019-11-12,302.5,305.0,302.0,305.0,274.91656494140625,17540708
2019-11-13,303.0,304.0,301.5,304.0,274.0152587890625,18172438
2019-11-14,304.5,305.0,302.0,303.5,273.56451416015625,15734835
2019-11-15,305.5,307.5,304.5,307.0,276.71923828125,28848445
2019-11-18,308.5,311.0,307.0,311.0,280.3247985839844,18691325
2019-11-19,312.5,315.0,311.0,315.0,283.9302062988281,31634197
2019-11-20,314.0,314.0,312.0,313.5,282.5781555175781,22387973
2019-11-21,309.5,311.0,307.0,311.0,280.3247985839844,28108833
2019-11-22,310.0,310.5,308.0,309.0,278.5220642089844,24737984
2019-11-25,310.5,310.5,307.0,307.0,276.71923828125,19530177
2019-11-26,310.0,310.5,307.0,307.0,276.71923828125,101224622
2019-11-27,307.5,311.5,307.5,311.0,280.3247985839844,18467648
2019-11-28,310.0,312.0,308.5,309.5,278.9727783203125,19077982
2019-11-29,309.0,309.5,305.0,305.0,274.91656494140625,30963561
2019-12-02,307.0,308.0,306.5,307.5,277.1699523925781,24016807
2019-12-03,305.0,307.0,305.0,307.0,276.71923828125,24690319
2019-12-04,305.0,306.0,304.0,306.0,275.81793212890625,25492686
2019-12-05,309.0,312.0,309.0,312.0,281.22613525390625,34521842
2019-12-06,315.0,316.0,311.0,313.0,282.12744140625,17695703
2019-12-09,314.0,316.5,314.0,316.0,284.83160400390625,23256081
2019-12-10,315.0,315.5,312.5,313.5,282.5781555175781,20570594
2019-12-11,314.0,319.0,313.0,319.0,287.53570556640625,31223148
2019-12-12,325.0,334.5,324.0,331.5,298.80279541015625,52742851
2019-12-13,340.0,343.0,338.0,339.0,305.56298828125,58198939
2019-12-16,336.5,338.5,336.0,336.0,302.85894775390625,102188
2019-12-17,335.0,345.0,335.0,345.0,310.97119140625,40813458
2019-12-18,341.5,345.0,341.5,344.5,310.5205078125,39682841
2019-12-19,340.0,342.0,335.0,335.0,304.1648864746094,54888012
2019-12-20,332.0,333.0,328.5,329.0,298.7171630859375,86280459
2019-12-23,329.5,334.0,329.5,334.0,303.25689697265625,26639340
2019-12-24,334.0,334.5,332.0,332.0,301.44097900390625,13488907
2019-12-25,332.0,334.5,331.0,333.0,302.3489685058594,12262954
2019-12-26,333.0,334.0,331.5,333.0,302.3489685058594,11427884
2019-12-27,335.0,338.0,335.0,338.0,306.8887634277344,16677806
2019-12-30,338.0,339.0,334.0,334.5,303.7109069824219,21531263
2019-12-31,331.0,333.5,331.0,331.0,300.53302001953125,22890517
2020-01-02,332.5,339.0,332.5,339.0,307.79669189453125,31754120
2020-01-03,344.0,345.0,335.5,339.5,308.2505798339844,41811268
2020-01-06,333.0,334.5,332.0,332.0,301.44097900390625,45343057
2020-01-07,332.5,333.0,326.5,329.5,299.17108154296875,50879181
2020-01-08,325.0,333.0,325.0,329.5,299.17108154296875,37567748
2020-01-09,335.0,337.5,333.5,337.5,306.43475341796875,31481504
2020-01-10,340.5,341.0,336.0,339.5,308.2505798339844,27032115
2020-01-13,342.0,342.0,339.0,341.5,310.0665283203125,30663332
2020-01-14,345.5,346.0,344.5,346.0,314.1523742675781,30223993
2020-01-15,345.0,345.0,337.5,340.0,308.7045593261719,47434274
2020-01-16,330.0,336.5,330.0,334.5,303.7109069824219,55211420
2020-01-17,334.0,335.5,332.0,333.0,302.3489685058594,52060097
2020-01-20,334.0,335.5,333.0,333.0,302.3489685058594,32658203
2020-01-30,326.0,326.0,316.5,316.5,287.36767578125,125451049
2020-01-31,323.0,323.5,319.0,320.0,290.5455627441406,62526055
2020-02-03,315.0,316.5,312.0,315.0,286.0057373046875,59560849
2020-02-04,336.5,337.0,325.0,325.0,295.0852966308594,51890496
2020-02-05,329.0,329.5,324.5,327.5,297.355224609375,36601453
2020-02-06,329.5,332.5,329.0,332.5,301.89495849609375,29267094
2020-02-07,330.0,330.5,326.0,328.0,297.80908203125,28798327
2020-02-10,321.5,328.0,321.0,327.5,297.355224609375,30632424
2020-02-11,330.5,332.5,330.0,331.5,300.98699951171875,27524935
2020-02-12,333.5,336.0,333.0,335.0,304.1648864746094,37612639
2020-02-13,338.0,338.0,335.0,335.0,304.1648864746094,22757021
2020-02-14,337.0,337.0,334.5,335.0,304.1648864746094,16933683
2020-02-17,331.5,333.0,330.5,331.5,300.98699951171875,15937079
2020-02-18,324.5,326.5,322.0,322.0,292.3614196777344,61825604
2020-02-19,322.5,327.0,322.0,326.5,296.4472351074219,38781218
2020-02-20,328.0,329.0,325.0,325.5,295.5392761230469,27011736
2020-02-21,325.5,326.5,323.0,325.0,295.0852966308594,22813534
2020-02-24,319.5,321.5,319.5,320.0,290.5455627441406,41693680
2020-02-25,320.0,323.5,317.5,322.0,292.3614196777344,36195011
2020-02-26,317.0,320.5,316.5,318.5,289.18359375,60479362
2020-02-27,319.0,320.0,315.0,316.0,286.9136657714844,61250927
2020-03-02,308.0,317.0,308.0,311.0,282.37396240234375,79912942
2020-03-03,318.5,320.0,316.0,317.5,288.2756652832031,49679411
2020-03-04,322.0,322.0,317.0,320.5,290.99951171875,42941146
2020-03-05,325.0,326.0,323.0,323.0,293.2694396972656,37861525
2020-03-06,320.0,320.5,315.0,315.0,286.0057373046875,51546760
2020-03-09,307.5,310.0,305.5,305.5,277.3801574707031,87871277
2020-03-10,301.5,309.0,301.0,307.0,278.7420349121094,71950130
2020-03-11,309.0,310.5,302.0,302.0,274.20233154296875,62216710
2020-03-12,299.0,299.0,287.0,294.0,266.93865966796875,113527351
2020-03-13,275.0,294.0,272.5,290.0,263.30682373046875,149995148
2020-03-16,285.0,291.0,275.5,276.5,251.04945373535156,103873228
2020-03-17,265.0,276.5,265.0,268.0,243.33187866210938,121323651
2020-03-18,269.5,272.5,260.0,260.0,236.0682373046875,117437643
2020-03-19,252.0,253.0,235.5,248.0,227.3589324951172,160811697
2020-03-20,258.5,270.0,256.0,270.0,247.52786254882812,157664726
2020-03-23,257.0,262.5,252.0,255.0,233.7763214111328,76466709
2020-03-24,268.0,274.0,266.0,267.5,245.2359619140625,81952933
2020-03-25,276.5,280.0,274.0,277.0,253.94525146484375,79447199
2020-03-26,279.5,280.0,275.5,280.0,256.695556640625,52845633
2020-03-27,284.0,286.0,273.0,273.0,250.27816772460938,68752306
2020-03-30,263.5,269.0,262.5,267.5,245.2359619140625,49159956
2020-03-31,273.0,274.0,269.5,274.0,251.1948699951172,48837923
2020-04-01,276.5,276.5,271.5,271.5,248.90296936035156,44515034
2020-04-06,273.0,275.5,270.0,275.5,252.57012939453125,56392754
2020-04-07,283.5,284.0,280.5,283.0,259.4458312988281,48787346
2020-04-08,285.0,285.5,283.0,285.0,261.2793884277344,37912826
2020-04-09,287.5,288.0,282.5,283.0,259.4458312988281,27620430
2020-04-10,280.0,282.0,279.0,279.5,256.2371826171875,27252858
2020-04-13,278.5,281.5,278.5,278.5,255.32041931152344,22196596
2020-04-14,281.0,285.5,280.0,285.0,261.2793884277344,48809688
2020-04-15,287.0,288.5,286.0,287.5,263.57135009765625,55216434
2020-04-16,283.0,288.5,283.0,286.5,262.6545104980469,47815280
2020-04-17,303.5,308.5,300.5,306.5,280.9899597167969,116368201
2020-04-20,308.0,309.0,302.5,304.0,278.6980895996094,41381669
2020-04-21,300.5,301.5,293.5,295.0,270.4471130371094,61479357
2020-04-22,294.5,295.0,290.5,294.0,269.5303039550781,42192580
2020-04-23,300.0,300.0,294.0,295.5,270.90545654296875,39474478
2020-04-24,295.5,297.0,294.0,294.0,269.5303039550781,26008090
2020-04-27,298.0,298.5,296.0,298.0,273.1974182128906,38493406
2020-04-28,298.5,298.5,294.5,296.5,271.822265625,37395165
2020-04-29,299.0,301.5,298.0,299.0,274.11419677734375,44059301
2020-04-30,302.0,305.0,301.5,304.5,279.1564025878906,55126085
2020-05-04,294.5,296.5,294.0,295.0,270.4471130371094,71581861
2020-05-05,296.5,298.0,295.0,295.5,270.90545654296875,23547405
2020-05-06,294.5,296.0,292.5,296.0,271.3638610839844,34240479
2020-05-07,294.5,299.0,294.5,297.5,272.739013671875,27621198
2020-05-08,300.0,300.0,296.0,297.5,272.739013671875,32295893
2020-05-11,300.0,301.5,298.5,301.0,275.94769287109375,28727019
2020-05-12,297.5,298.5,295.0,295.0,270.4471130371094,52089788
2020-05-13,293.0,297.0,292.5,297.0,272.28057861328125,26156418
2020-05-14,293.0,295.0,292.5,293.0,268.61358642578125,34315948
2020-05-15,297.5,298.5,294.5,298.0,273.1974182128906,42494804
2020-05-18,291.0,293.5,290.0,290.0,265.86322021484375,84986065
2020-05-19,294.0,294.0,291.5,291.5,267.2384033203125,51250214
2020-05-20,293.0,294.0,291.0,294.0,269.5303039550781,32677994
2020-05-21,296.0,298.0,295.0,297.5,272.739013671875,30997468
2020-05-22,294.5,295.0,291.0,292.0,267.69677734375,40192923
2020-05-25,290.5,293.0,288.5,292.0,267.69677734375,26803223
2020-05-26,295.0,297.5,293.5,295.5,270.90545654296875,33856481
2020-05-27,297.0,298.0,295.5,296.5,271.822265625,23375959
2020-05-28,298.5,298.5,293.0,294.0,269.5303039550781,28444568
2020-05-29,292.0,292.5,290.0,292.0,267.69677734375,79774181
2020-06-01,294.0,296.5,293.5,295.5,270.90545654296875,35811214
2020-06-02,296.0,297.5,296.0,296.5,271.822265625,24771587
2020-06-03,300.0,301.0,298.0,301.0,275.94769287109375,65176337
2020-06-04,305.0,306.0,304.0,306.0,280.5315856933594,46572451
2020-06-05,308.5,312.0,308.0,311.5,285.57379150390625,42981262
2020-06-08,316.0,319.0,315.0,318.0,291.5328063964844,50302921
2020-06-09,316.5,319.0,314.0,319.0,292.4495544433594,36417082
2020-06-10,319.0,324.0,318.0,322.5,295.6583557128906,39984259
2020-06-11,325.5,327.0,318.5,320.5,293.82476806640625,50104255
2020-06-12,313.0,317.5,312.5,316.0,289.6992492675781,45992918
2020-06-15,316.0,317.5,308.5,309.5,283.7403259277344,51032404
2020-06-16,317.0,317.0,314.0,315.0,288.782470703125,36608216
2020-06-17,316.5,317.0,313.5,315.0,288.782470703125,34522968
2020-06-18,314.5,315.0,313.0,314.5,290.6307067871094,29044474
2020-06-19,314.0,314.5,312.0,314.5,290.6307067871094,48130280
2020-06-22,314.5,316.5,312.0,312.0,288.3204345703125,37374616
2020-06-23,316.0,316.5,312.5,315.0,291.0928039550781,41300084
2020-06-24,319.0,320.0,316.0,317.5,293.4030456542969,54147024
2020-06-29,314.0,315.0,310.0,312.0,288.3204345703125,56580892
2020-06-30,313.5,314.0,311.0,313.0,289.24456787109375,48991860
2020-07-01,315.0,318.0,314.0,317.5,293.4030456542969,29532342
2020-07-02,319.0,322.0,318.0,322.0,297.56146240234375,34526178
2020-07-03,327.0,330.5,326.5,329.5,304.4922180175781,53341987
2020-07-06,332.5,338.0,332.0,338.0,312.34716796875,57256220
2020-07-07,343.5,346.0,338.0,338.5,312.8092346191406,59046323
2020-07-08,337.5,342.5,337.5,341.0,315.1194763183594,30720218
2020-07-09,346.0,347.0,343.0,345.0,318.8158264160156,35522376
2020-07-10,352.5,353.0,345.5,348.5,322.0502624511719,60902108
2020-07-13,351.0,354.5,350.5,354.5,327.5948486328125,48069523
2020-07-14,355.0,364.0,354.5,363.5,335.9117736816406,61764150
2020-07-15,366.0,370.0,361.0,363.0,335.44976806640625,73438362
2020-07-16,359.0,361.0,353.5,357.5,330.3671569824219,68220512
2020-07-17,361.0,369.0,360.0,367.0,339.1462097167969,65727485
2020-07-20,370.0,370.0,362.5,366.0,338.2220153808594,42769238
2020-07-21,372.5,387.0,371.5,383.0,353.9317932128906,64219128
2020-07-22,381.0,386.0,379.0,384.0,354.8559265136719,43759670
2020-07-23,382.0,383.0,379.0,381.5,352.5456237792969,45209282
2020-07-24,390.0,395.0,382.0,386.0,356.7041320800781,86682734
2020-07-27,420.5,424.5,416.5,424.5,392.2821350097656,99333798
2020-07-28,464.0,466.5,428.5,435.0,401.9852600097656,166307746
2020-07-29,428.0,431.5,419.5,422.0,389.9718322753906,85663166
2020-07-30,436.5,441.0,428.5,434.0,401.06109619140625,69293949
2020-07-31,426.0,432.0,425.5,425.5,393.20623779296875,49897674
2020-08-03,420.5,424.0,415.0,416.0,384.42730712890625,76429571
2020-08-04,421.5,425.5,418.5,425.5,393.20623779296875,41223445
2020-08-05,430.5,433.5,426.0,429.0,396.4406433105469,47223834
2020-08-06,437.5,438.0,431.0,435.0,401.9852600097656,41029627
2020-08-07,433.5,434.0,428.0,433.0,400.13702392578125,36589460
2020-08-10,427.5,437.5,427.5,435.5,402.4472961425781,36067500
2020-08-11,432.0,435.0,429.0,429.0,396.4406433105469,34545313
2020-08-12,422.0,423.5,419.0,419.0,387.1995544433594,52143474
2020-08-13,428.0,429.0,424.5,429.0,396.4406433105469,44352335
2020-08-14,424.0,428.0,423.0,427.0,394.5924377441406,23419955
2020-08-17,427.0,435.0,425.5,435.0,401.9852600097656,34137731
2020-08-18,440.0,440.5,432.0,433.0,400.13702392578125,41643160
2020-08-19,436.0,436.5,427.5,427.5,395.054443359375,31486800
2020-08-20,427.0,427.5,401.0,415.0,383.5032043457031,75097235
2020-08-21,421.5,427.0,420.0,424.5,392.2821350097656,41609467
2020-08-24,427.5,434.5,425.0,428.0,395.5165100097656,48375406
2020-08-25,433.5,436.0,430.5,434.5,401.523193359375,35977899
2020-08-26,435.5,442.0,435.0,442.0,408.45404052734375,39243340
2020-08-27,448.0,453.5,444.0,444.0,410.3022155761719,53072712
2020-08-28,440.0,440.5,431.0,435.0,401.9852600097656,56842210
2020-08-31,437.0,439.5,426.5,426.5,394.13037109375,81480538
2020-09-01,430.0,435.0,428.0,435.0,401.9852600097656,37429577
2020-09-02,441.0,441.0,430.5,433.0,400.13702392578125,34871407
2020-09-03,439.5,439.5,433.5,436.0,402.90936279296875,34951617
2020-09-04,427.0,432.5,427.0,429.0,396.4406433105469,46119911
2020-09-07,428.0,432.5,425.0,426.0,393.6683044433594,32019312
2020-09-08,428.0,433.0,427.5,431.0,398.2888488769531,23714670
2020-09-09,425.0,428.0,423.0,427.0,394.5924377441406,40551362
2020-09-10,432.5,435.0,430.5,435.0,401.9852600097656,35098921
2020-09-11,435.5,436.5,432.5,436.5,403.37139892578125,34298469
2020-09-14,436.0,442.0,435.5,441.0,407.52984619140625,39085833
2020-09-15,440.5,447.0,439.5,445.0,411.22625732421875,39061449
2020-09-16,460.0,462.0,455.5,458.0,423.2396240234375,64261238
2020-09-17,453.0,455.0,446.5,448.5,416.7353210449219,42058506
2020-09-18,447.0,449.5,443.0,444.0,412.5541687011719,52454922
2020-09-21,443.5,450.0,440.0,440.0,408.83740234375,39463920
2020-09-22,440.0,441.0,436.0,437.0,406.0498962402344,36130639
2020-09-23,436.0,438.5,432.0,433.5,402.7977600097656,45710963
2020-09-24,425.5,429.0,423.0,423.0,393.0413818359375,79806381
2020-09-25,427.0,428.0,421.0,424.0,393.9705505371094,38775269
2020-09-28,427.0,431.5,424.5,431.5,400.93939208984375,34156973
2020-09-29,432.5,435.0,428.0,431.0,400.474853515625,32230502
2020-09-30,430.5,435.0,430.5,433.0,402.3331604003906,27334204
2020-10-05,438.0,438.0,431.5,432.5,401.8685607910156,32945832
2020-10-06,441.5,442.0,437.5,439.5,408.3728332519531,35775395
2020-10-07,435.0,445.0,435.0,443.0,411.62493896484375,42926239
2020-10-08,450.0,454.0,448.5,453.0,420.9166564941406,60853811
2020-10-12,458.0,462.0,457.5,460.0,427.42095947265625,64719223
2020-10-13,465.0,465.0,456.5,462.0,429.279296875,45750738
2020-10-14,460.5,461.0,457.0,459.0,426.4917297363281,40809241
2020-10-15,456.0,456.5,450.0,453.0,420.9166564941406,47775028
2020-10-16,451.0,456.0,448.5,449.0,417.1999816894531,46876801
2020-10-19,453.0,457.5,451.0,457.5,425.0980224609375,34470906
2020-10-20,455.5,457.0,451.0,451.0,419.0583190917969,25205638
2020-10-21,453.5,456.0,451.0,453.0,420.9166564941406,28058921
2020-10-22,450.0,455.0,449.5,455.0,422.7750244140625,23438547
2020-10-23,458.0,458.0,451.5,452.0,419.9875183105469,18777385
2020-10-26,455.0,455.0,450.0,450.0,418.129150390625,15059581
2020-10-27,447.5,448.5,445.5,447.0,415.3415832519531,20117660
2020-10-28,445.0,447.0,443.0,444.0,412.5541687011719,24710230
2020-10-29,436.5,439.5,435.5,437.0,406.0498962402344,41285612
2020-10-30,437.0,437.0,432.0,432.0,401.4040222167969,47668895
2020-11-02,433.0,435.5,428.0,435.5,404.6561279296875,33477443
2020-11-03,439.5,443.0,438.0,441.0,409.7665710449219,30328495
2020-11-04,444.5,451.5,443.0,450.0,418.129150390625,37512790
2020-11-05,451.5,451.5,445.5,451.0,419.0583190917969,34886108
2020-11-06,455.0,455.5,450.0,452.5,420.4521484375,30154140
2020-11-09,458.0,460.0,454.0,458.5,426.02716064453125,39245881
2020-11-10,452.0,454.5,448.5,451.0,419.0583190917969,34820499
2020-11-11,448.5,457.0,448.5,457.0,424.63336181640625,36765561
2020-11-12,463.0,463.5,457.5,458.0,425.56256103515625,40100880
2020-11-13,459.0,462.0,456.5,462.0,429.279296875,31037438
2020-11-16,470.0,484.5,469.0,484.0,449.72113037109375,81994937
2020-11-17,502.0,506.0,485.5,485.5,451.1148986816406,72413868
2020-11-18,490.0,497.0,486.5,497.0,461.8004150390625,50387727
2020-11-19,499.0,499.0,490.0,490.0,455.29620361328125,44220053
2020-11-20,486.0,490.0,486.0,488.0,453.4378662109375,32281453
2020-11-23,494.5,498.5,492.0,496.5,461.3358459472656,38084006
2020-11-24,499.5,500.0,491.5,492.0,457.1545715332031,35479226
2020-11-25,495.0,495.5,487.0,487.0,452.5086975097656,41419632
2020-11-26,489.0,493.5,488.0,489.0,454.3670654296875,28893033
2020-11-27,487.5,492.0,486.5,489.0,454.3670654296875,32960189
2020-11-30,493.0,493.5,480.5,480.5,446.4690246582031,119895176
2020-12-01,489.5,490.0,483.5,490.0,455.29620361328125,37018651
2020-12-02,499.5,500.0,493.5,499.0,463.6588134765625,50621339
2020-12-03,499.5,499.5,495.0,497.0,461.8004150390625,35651379
2020-12-04,498.5,505.0,497.5,503.0,467.3755187988281,51172005
2020-12-07,512.0,515.0,506.0,514.0,477.596435546875,44271244
2020-12-08,514.0,525.0,509.0,524.0,486.8881530761719,40771761
2020-12-09,521.0,524.0,520.0,520.0,483.1715087890625,43314115
2020-12-10,511.0,515.0,510.0,512.0,475.73809814453125,42556926
2020-12-11,517.0,517.0,505.0,516.0,479.4547424316406,45660960
2020-12-14,512.0,513.0,508.0,508.0,472.0213623046875,30260485
2020-12-15,507.0,510.0,504.0,504.0,468.3046569824219,39852366
2020-12-16,509.0,515.0,507.0,512.0,475.73809814453125,52012348
2020-12-17,515.0,515.0,508.0,508.0,474.3374938964844,38215179
2020-12-18,508.0,512.0,507.0,510.0,476.2049255371094,39924864
2020-12-21,512.0,517.0,508.0,516.0,481.8073425292969,34813281
2020-12-22,512.0,516.0,509.0,509.0,475.2712097167969,22454277
2020-12-23,508.0,511.0,506.0,509.0,475.2712097167969,18086715
2020-12-24,511.0,512.0,508.0,510.0,476.2049255371094,14950143
2020-12-25,514.0,515.0,510.0,511.0,477.1387023925781,12327895
2020-12-28,512.0,515.0,509.0,515.0,480.8736267089844,19087382
2020-12-29,515.0,517.0,513.0,515.0,480.8736267089844,19907528
2020-12-30,516.0,525.0,514.0,525.0,490.2109375,46292401
2020-12-31,526.0,530.0,524.0,530.0,494.879638671875,29970398
2021-01-04,530.0,540.0,528.0,536.0,500.4819641113281,38770328
2021-01-05,536.0,542.0,535.0,542.0,506.0845031738281,34411866
2021-01-06,555.0,555.0,541.0,549.0,512.62060546875,53030554
2021-01-07,554.0,570.0,553.0,565.0,527.560302734375,51166782
2021-01-08,580.0,580.0,571.0,580.0,541.5664672851562,59563555
2021-01-11,577.0,584.0,574.0,584.0,545.3013305664062,48810990
2021-01-12,583.0,597.0,582.0,591.0,551.8375854492188,50232426
2021-01-13,595.0,605.0,593.0,605.0,564.90966796875,62662393
2021-01-14,587.0,597.0,587.0,592.0,552.7713012695312,75288477
2021-01-15,621.0,625.0,601.0,601.0,561.1749267578125,92010500
2021-01-18,608.0,608.0,594.0,607.0,566.7772827148438,45726476
2021-01-19,618.0,632.0,613.0,627.0,585.4520263671875,50672866
2021-01-20,633.0,650.0,631.0,647.0,604.126708984375,82066422
2021-01-21,640.0,679.0,640.0,673.0,628.4039306640625,89019137
2021-01-22,649.0,665.0,649.0,649.0,605.9940795898438,125179403
2021-01-25,642.0,646.0,626.0,633.0,591.054443359375,93050133
2021-01-26,632.0,640.0,610.0,617.0,576.1145629882812,100153482
2021-01-27,618.0,625.0,611.0,615.0,574.2471313476562,59985191
2021-01-28,600.0,608.0,598.0,601.0,561.1749267578125,96447533
2021-01-29,619.0,619.0,591.0,591.0,551.8375854492188,90745237
2021-02-01,595.0,612.0,587.0,611.0,570.51220703125,67462398
2021-02-02,629.0,638.0,622.0,632.0,590.12060546875,78429188
2021-02-03,638.0,642.0,630.0,630.0,588.2531127929688,48738970
2021-02-04,626.0,632.0,620.0,627.0,585.4520263671875,46371900
2021-02-05,638.0,641.0,631.0,632.0,590.12060546875,53267273
2021-02-17,663.0,668.0,660.0,663.0,619.06640625,107614290
2021-02-18,664.0,665.0,656.0,660.0,616.2651977539062,53109010
2021-02-19,656.0,657.0,647.0,652.0,608.7952270507812,50279585
2021-02-22,660.0,662.0,650.0,650.0,606.9279174804688,36474610
2021-02-23,641.0,643.0,633.0,641.0,598.5244140625,50076333
2021-02-24,627.0,636.0,625.0,625.0,583.5845336914062,66206750
2021-02-25,636.0,636.0,628.0,635.0,592.9218139648438,43231417
2021-02-26,611.0,618.0,606.0,606.0,565.8434448242188,111861175
2021-03-02,621.0,622.0,609.0,609.0,568.6447143554688,54041533
2021-03-03,609.0,622.0,601.0,622.0,580.7832641601562,48252965
2021-03-04,609.0,611.0,601.0,601.0,561.1749267578125,67711962
2021-03-05,588.0,605.0,584.0,601.0,561.1749267578125,79918467
2021-03-08,608.0,610.0,598.0,598.0,558.3737182617188,43219772
2021-03-09,585.0,595.0,585.0,595.0,555.5724487304688,68768861
2021-03-10,601.0,601.0,593.0,597.0,557.43994140625,40146301
2021-03-11,596.0,612.0,595.0,609.0,568.6447143554688,54416046
2021-03-12,615.0,618.0,609.0,614.0,573.3135375976562,33168846
2021-03-15,614.0,614.0,609.0,611.0,570.51220703125,27416758
2021-03-16,610.0,613.0,607.0,613.0,572.3796997070312,36949425
2021-03-17,612.0,612.0,602.0,604.0,566.2855834960938,39517807
2021-03-18,606.0,609.0,602.0,602.0,564.410400390625,29415526
2021-03-19,594.0,598.0,591.0,591.0,554.097412109375,70866028
2021-03-22,588.0,598.0,586.0,593.0,555.972412109375,34089033
2021-03-23,597.0,603.0,593.0,594.0,556.909912109375,29374037
2021-03-24,571.0,582.0,571.0,576.0,540.0338134765625,107253959
2021-03-25,572.0,581.0,570.0,575.0,539.0962524414062,67833354
2021-03-26,582.0,592.0,580.0,590.0,553.1597900390625,36829858
2021-03-29,599.0,602.0,596.0,599.0,561.5977783203125,37884733
2021-03-30,600.0,600.0,592.0,597.0,559.72265625,33099123
2021-03-31,596.0,597.0,587.0,587.0,550.3471069335938,38790886
2021-04-01,598.0,602.0,594.0,602.0,564.410400390625,43091157
2021-04-07,614.0,614.0,608.0,610.0,571.9109497070312,24603109
2021-04-08,606.0,613.0,603.0,613.0,574.7235717773438,23976625
2021-04-09,618.0,618.0,609.0,610.0,571.9109497070312,27303862
2021-04-12,612.0,613.0,603.0,605.0,567.2230224609375,22606128
2021-04-13,604.0,613.0,604.0,605.0,567.2230224609375,25971622
2021-04-14,608.0,612.0,600.0,612.0,573.7860717773438,30077913
2021-04-15,612.0,619.0,607.0,619.0,580.3489379882812,33530942
2021-04-16,610.0,611.0,603.0,610.0,571.9109497070312,48507383
2021-04-19,605.0,607.0,601.0,603.0,565.3479614257812,24231637
2021-04-20,598.0,602.0,595.0,602.0,564.410400390625,34771635
2021-04-21,599.0,599.0,592.0,592.0,555.034912109375,38458220
2021-04-22,596.0,598.0,591.0,591.0,554.097412109375,33868521
2021-04-23,592.0,602.0,590.0,602.0,564.410400390625,27754511
2021-04-26,605.0,610.0,603.0,610.0,571.9109497070312,30887664
2021-04-27,608.0,611.0,605.0,610.0,571.9109497070312,26317481
2021-04-28,606.0,608.0,601.0,602.0,564.410400390625,24024054
2021-04-29,609.0,609.0,600.0,600.0,562.5353393554688,31828333
2021-05-03,595.0,597.0,588.0,588.0,551.28466796875,41762441
2021-05-04,588.0,594.0,582.0,591.0,554.097412109375,40273595
2021-05-05,594.0,594.0,585.0,585.0,548.471923828125,29254785
2021-05-06,590.0,590.0,580.0,587.0,550.3471069335938,30725590
2021-05-07,594.0,600.0,589.0,599.0,561.5977783203125,28075722
2021-05-10,596.0,597.0,588.0,589.0,552.2222900390625,20434079
2021-05-11,579.0,580.0,570.0,571.0,535.3461303710938,59349193
2021-05-12,567.0,571.0,518.0,560.0,525.0328979492188,131741482
2021-05-13,547.0,563.0,541.0,547.0,512.8447265625,66765627
2021-05-14,556.0,562.0,552.0,557.0,522.2202758789062,37533726
2021-05-17,544.0,558.0,541.0,549.0,514.7198486328125,56270958
2021-05-18,563.0,573.0,555.0,572.0,536.2835693359375,43689316
2021-05-19,571.0,572.0,565.0,567.0,531.5958251953125,28908777
2021-05-20,567.0,571.0,560.0,567.0,531.5958251953125,29709287
2021-05-21,572.0,577.0,568.0,573.0,537.2211303710938,27376731
2021-05-24,570.0,572.0,566.0,568.0,532.533447265625,15629736
2021-05-25,576.0,584.0,573.0,583.0,546.5968627929688,33039911
2021-05-26,587.0,588.0,581.0,585.0,548.471923828125,18703987
2021-05-27,580.0,582.0,573.0,582.0,545.6593017578125,62169719
2021-05-28,587.0,592.0,582.0,590.0,553.1597900390625,29086873
2021-05-31,595.0,597.0,590.0,597.0,559.72265625,30657474
2021-06-01,598.0,599.0,595.0,598.0,560.6602172851562,17818326
2021-06-02,600.0,600.0,593.0,595.0,557.8475341796875,21872755
2021-06-03,600.0,600.0,596.0,596.0,558.7850952148438,21077164
2021-06-04,591.0,595.0,590.0,595.0,557.8475341796875,15756180
2021-06-07,594.0,595.0,583.0,592.0,555.034912109375,17077625
2021-06-08,590.0,595.0,588.0,589.0,552.2222900390625,13396324
2021-06-09,586.0,588.0,583.0,586.0,549.4096069335938,20023490
2021-06-10,591.0,599.0,587.0,599.0,561.5977783203125,28527745
2021-06-11,602.0,603.0,600.0,602.0,564.410400390625,24227710
2021-06-15,607.0,609.0,606.0,609.0,570.9732666015625,26012250
2021-06-16,608.0,608.0,605.0,605.0,567.2230224609375,25856919
2021-06-17,601.0,606.0,598.0,606.0,570.51806640625,22872361
2021-06-18,608.0,608.0,601.0,603.0,567.69384765625,32652017
2021-06-21,590.0,594.0,583.0,583.0,548.8648681640625,44279632
2021-06-22,585.0,588.0,578.0,578.0,544.1575317382812,27823974
2021-06-23,583.0,598.0,581.0,595.0,560.1622924804688,34392376
2021-06-24,598.0,598.0,588.0,590.0,555.4550170898438,16524230
2021-06-25,598.0,598.0,589.0,591.0,556.396484375,18841696
2021-06-28,590.0,590.0,586.0,590.0,555.4550170898438,15028407
2021-06-29,598.0,598.0,591.0,595.0,560.1622924804688,28659610
2021-06-30,599.0,599.0,595.0,595.0,560.1622924804688,24883853
2021-07-01,596.0,597.0,591.0,593.0,558.2793579101562,18250994
2021-07-02,590.0,593.0,587.0,588.0,553.5721435546875,18322419
2021-07-05,588.0,597.0,588.0,591.0,556.396484375,28836816
2021-07-06,595.0,596.0,589.0,592.0,557.3379516601562,12997112
2021-07-07,590.0,594.0,588.0,594.0,559.2207641601562,16966158
2021-07-08,595.0,595.0,588.0,588.0,553.5721435546875,21140426
2021-07-09,582.0,585.0,580.0,584.0,549.8063354492188,29029415
2021-07-12,595.0,597.0,590.0,593.0,558.2793579101562,31304547
2021-07-13,600.0,608.0,599.0,607.0,571.45947265625,52540315
2021-07-14,613.0,615.0,608.0,613.0,577.1083374023438,38418875
2021-07-15,613.0,614.0,608.0,614.0,578.0498046875,22012834
2021-07-16,591.0,595.0,588.0,589.0,554.5135498046875,57970545
2021-07-19,583.0,584.0,578.0,582.0,547.9234008789062,40644341
2021-07-20,579.0,584.0,579.0,581.0,546.9819946289062,15354333
2021-07-21,586.0,586.0,580.0,585.0,550.7477416992188,25828732
2021-07-22,589.0,594.0,587.0,591.0,556.396484375,26058172
2021-07-23,592.0,592.0,583.0,585.0,550.7477416992188,15271451
2021-07-26,591.0,591.0,580.0,580.0,546.04052734375,21619179
2021-07-27,581.0,584.0,580.0,580.0,546.04052734375,17785992
2021-07-28,576.0,579.0,573.0,579.0,545.0990600585938,36158305
2021-07-29,585.0,585.0,577.0,583.0,548.8648681640625,23224896
2021-07-30,581.0,582.0,578.0,580.0,546.04052734375,18999281
2021-08-02,583.0,590.0,580.0,590.0,555.4550170898438,23482491
2021-08-03,594.0,594.0,590.0,594.0,559.2207641601562,22747702
2021-08-04,598.0,598.0,594.0,596.0,561.1036376953125,20313271
2021-08-05,598.0,598.0,593.0,596.0,561.1036376953125,15116242
2021-08-06,596.0,596.0,588.0,591.0,556.396484375,13687213
2021-08-09,590.0,595.0,583.0,595.0,560.1622924804688,17390951
2021-08-10,596.0,596.0,589.0,591.0,556.396484375,17190865
2021-08-11,590.0,590.0,585.0,590.0,555.4550170898438,19969687
2021-08-12,586.0,588.0,584.0,586.0,551.6892700195312,15444622
2021-08-13,585.0,585.0,579.0,581.0,546.9819946289062,22524428
2021-08-16,582.0,586.0,578.0,584.0,549.8063354492188,19315705
2021-08-17,584.0,584.0,584.0,584.0,549.8063354492188,0
2021-08-18,568.0,575.0,566.0,574.0,540.3917846679688,43716164
2021-08-19,573.0,573.0,559.0,559.0,526.27001953125,38868947
2021-08-20,560.0,563.0,551.0,552.0,519.6799926757812,45614061
2021-08-23,560.0,572.0,559.0,566.0,532.8601684570312,33685159
2021-08-24,574.0,575.0,571.0,572.0,538.5088500976562,24844800
2021-08-25,579.0,585.0,574.0,585.0,550.7477416992188,27504657
2021-08-26,601.0,603.0,591.0,594.0,559.2207641601562,43822008
2021-08-27,596.0,600.0,593.0,599.0,563.9280395507812,27105651
2021-08-30,602.0,605.0,599.0,605.0,569.57666015625,36575609
2021-08-31,604.0,614.0,598.0,614.0,578.0498046875,52721470
2021-09-01,614.0,614.0,608.0,613.0,577.1083374023438,30092045
2021-09-02,613.0,615.0,607.0,607.0,571.45947265625,24112463
2021-09-03,610.0,620.0,610.0,620.0,583.6983642578125,51562454
2021-09-06,623.0,638.0,621.0,631.0,594.0543823242188,55589014
2021-09-07,634.0,634.0,623.0,623.0,586.5228271484375,26526056
2021-09-08,622.0,627.0,612.0,619.0,582.7569580078125,37817737
2021-09-09,612.0,620.0,610.0,619.0,582.7569580078125,18735512
2021-09-10,615.0,623.0,614.0,622.0,585.5813598632812,16304725
2021-09-13,619.0,620.0,613.0,615.0,578.9912719726562,15198774
2021-09-14,618.0,618.0,612.0,613.0,577.1083374023438,14441901
2021-09-15,610.0,613.0,607.0,607.0,571.45947265625,23433501
2021-09-16,603.0,607.0,599.0,600.0,567.4403686523438,22467022
2021-09-17,600.0,610.0,599.0,600.0,567.4403686523438,40717715
2021-09-22,586.0,589.0,583.0,586.0,554.199951171875,40642293
2021-09-23,588.0,593.0,588.0,588.0,556.0914916992188,21696296
2021-09-24,591.0,598.0,590.0,598.0,565.5487670898438,16736973
2021-09-27,600.0,602.0,593.0,602.0,569.3317260742188,19464241
2021-09-28,595.0,596.0,592.0,594.0,561.765869140625,16707080
2021-09-29,580.0,583.0,577.0,580.0,548.5255126953125,49310524
2021-09-30,580.0,585.0,575.0,580.0,548.5255126953125,30465107
2021-10-01,579.0,579.0,571.0,574.0,542.8511962890625,36704493
2021-10-04,574.0,575.0,569.0,572.0,540.9596557617188,20957803
2021-10-05,562.0,572.0,560.0,572.0,540.9596557617188,33824024
2021-10-06,573.0,574.0,565.0,571.0,540.0139770507812,32508846
2021-10-07,575.0,582.0,572.0,580.0,548.5255126953125,27933054
2021-10-08,582.0,583.0,573.0,575.0,543.7969360351562,18279079
2021-10-12,570.0,575.0,564.0,575.0,543.7969360351562,26522907
2021-10-13,572.0,575.0,570.0,571.0,540.0139770507812,18914374
2021-10-14,579.0,579.0,573.0,573.0,541.9053955078125,13916927
2021-10-15,592.0,600.0,586.0,600.0,567.4403686523438,53150216
2021-10-18,604.0,604.0,590.0,590.0,557.9829711914062,19158568
2021-10-19,598.0,600.0,593.0,600.0,567.4403686523438,17386359
2021-10-20,603.0,604.0,597.0,598.0,565.5487670898438,16372520
2021-10-21,602.0,603.0,595.0,596.0,563.6572875976562,16169014
2021-10-22,600.0,602.0,594.0,600.0,567.4403686523438,13995403
2021-10-25,597.0,597.0,590.0,593.0,560.820068359375,16785568
2021-10-26,595.0,600.0,593.0,599.0,566.49462890625,19998808
2021-10-27,598.0,599.0,594.0,599.0,566.49462890625,14961858
2021-10-28,598.0,598.0,591.0,595.0,562.7116088867188,16570044
2021-10-29,595.0,596.0,589.0,590.0,557.9829711914062,25763960
2021-11-01,591.0,593.0,590.0,590.0,557.9829711914062,16089351
2021-11-02,594.0,597.0,590.0,592.0,559.8744506835938,15192404
2021-11-03,597.0,597.0,592.0,592.0,559.8744506835938,10224009
2021-11-04,592.0,594.0,585.0,587.0,555.1456909179688,17932145
2021-11-05,598.0,600.0,595.0,600.0,567.4403686523438,33270827
2021-11-08,600.0,602.0,598.0,602.0,569.3317260742188,19752355
2021-11-09,611.0,617.0,610.0,611.0,577.8433227539062,39538660
2021-11-10,611.0,612.0,608.0,612.0,578.7890625,16027674
2021-11-11,600.0,606.0,600.0,606.0,573.1146850585938,18463848
2021-11-12,610.0,611.0,602.0,604.0,571.2232055664062,15821327
2021-11-15,609.0,611.0,607.0,608.0,575.006103515625,15551452
2021-11-16,612.0,612.0,608.0,610.0,576.8975830078125,20917108
2021-11-17,615.0,615.0,608.0,610.0,576.8975830078125,19717852
2021-11-18,613.0,614.0,607.0,613.0,579.7346801757812,20030651
2021-11-19,622.0,623.0,617.0,618.0,584.4634399414062,35554348
2021-11-22,618.0,618.0,615.0,615.0,581.626220703125,20312168
2021-11-23,615.0,615.0,611.0,612.0,578.7890625,19431694
2021-11-24,612.0,612.0,602.0,603.0,570.2774047851562,20391940
2021-11-25,605.0,607.0,601.0,603.0,570.2774047851562,11888265
2021-11-26,598.0,601.0,592.0,596.0,563.6572875976562,26588102
2021-11-29,594.0,598.0,591.0,593.0,560.820068359375,23379558
2021-11-30,597.0,600.0,591.0,596.0,563.6572875976562,62021697
2021-12-01,596.0,603.0,594.0,600.0,567.4403686523438,21403404
2021-12-02,605.0,615.0,602.0,615.0,581.626220703125,45125742
2021-12-03,614.0,614.0,606.0,608.0,575.006103515625,23045832
2021-12-06,603.0,609.0,600.0,600.0,567.4403686523438,23589363
2021-12-07,602.0,607.0,597.0,607.0,574.060302734375,18606530
2021-12-08,614.0,614.0,602.0,602.0,569.3317260742188,20801543
2021-12-09,606.0,608.0,602.0,608.0,575.006103515625,11039070
2021-12-10,605.0,608.0,602.0,605.0,572.1688232421875,10497451
2021-12-13,609.0,610.0,601.0,601.0,568.385986328125,17711657
2021-12-14,598.0,600.0,597.0,599.0,566.49462890625,22579034
2021-12-15,597.0,601.0,596.0,600.0,567.4403686523438,21827730
2021-12-16,605.0,605.0,601.0,605.0,574.8033447265625,21809022
2021-12-17,601.0,607.0,599.0,607.0,576.7035522460938,24105733
2021-12-20,607.0,607.0,598.0,598.0,568.15283203125,21381070
2021-12-21,597.0,600.0,595.0,597.0,567.2027587890625,17001461
2021-12-22,598.0,601.0,598.0,600.0,570.0531005859375,9831802
2021-12-23,607.0,608.0,602.0,606.0,575.7535400390625,16654439
2021-12-24,606.0,609.0,604.0,604.0,573.8533935546875,11059689
2021-12-27,604.0,610.0,604.0,606.0,575.7535400390625,16259872
2021-12-28,610.0,615.0,610.0,615.0,584.3043212890625,33892718
2021-12-29,615.0,619.0,614.0,616.0,585.2545166015625,24518766
2021-12-30,619.0,620.0,615.0,615.0,584.3043212890625,19681276
2022-01-03,619.0,632.0,618.0,631.0,599.5057373046875,69089158
2022-01-04,645.0,656.0,644.0,656.0,623.2579956054688,79434666
2022-01-05,669.0,669.0,646.0,650.0,617.5574340820312,69593809
2022-01-06,638.0,646.0,636.0,644.0,611.8567504882812,53210211
2022-01-07,643.0,646.0,632.0,634.0,602.3560791015625,38249908
2022-01-10,628.0,645.0,627.0,643.0,610.9067993164062,38289770
2022-01-11,646.0,651.0,639.0,651.0,618.5074462890625,33196585
2022-01-12,657.0,660.0,650.0,660.0,627.0584106445312,38860063
2022-01-13,658.0,662.0,655.0,661.0,628.0083618164062,38137411
2022-01-14,673.0,673.0,661.0,672.0,638.4594116210938,95200777
2022-01-17,685.0,688.0,678.0,683.0,648.910400390625,59614236
2022-01-18,678.0,681.0,662.0,662.0,628.9585571289062,43593330
2022-01-19,652.0,660.0,651.0,654.0,621.3577880859375,40381333
2022-01-20,650.0,657.0,646.0,651.0,618.5074462890625,46474584
2022-01-21,644.0,646.0,637.0,641.0,609.0067138671875,49577684
2022-01-24,639.0,655.0,637.0,653.0,620.40771484375,47134502
2022-01-25,643.0,645.0,638.0,641.0,609.0067138671875,52318736
2022-01-26,635.0,641.0,635.0,636.0,604.2562255859375,29957189
2022-02-07,644.0,644.0,631.0,635.0,603.30615234375,56836469
2022-02-08,645.0,645.0,628.0,628.0,596.6553955078125,39718217
2022-02-09,635.0,637.0,630.0,633.0,601.4059448242188,30048791
2022-02-10,639.0,649.0,637.0,649.0,616.6073608398438,34587133
2022-02-11,646.0,650.0,642.0,650.0,617.5574340820312,26723278
2022-02-14,640.0,641.0,635.0,637.0,605.2062377929688,27826382
2022-02-15,633.0,639.0,633.0,633.0,601.4059448242188,21970460
2022-02-16,645.0,646.0,640.0,646.0,613.7571411132812,25191741
2022-02-17,644.0,646.0,641.0,645.0,612.8070678710938,18135080
2022-02-18,638.0,639.0,636.0,637.0,605.2062377929688,20804191
2022-02-21,633.0,636.0,632.0,632.0,600.455810546875,23797502
2022-02-22,628.0,630.0,625.0,627.0,595.7054443359375,34086593
2022-02-23,624.0,629.0,623.0,625.0,593.8052978515625,31953054
2022-02-24,618.0,619.0,604.0,604.0,573.8533935546875,73663161
2022-02-25,600.0,609.0,600.0,604.0,573.8533935546875,89012516
2022-03-01,599.0,610.0,599.0,604.0,573.8533935546875,66720867
2022-03-02,601.0,605.0,600.0,601.0,571.0031127929688,40693457
2022-03-03,603.0,607.0,601.0,602.0,571.9531860351562,33792420
2022-03-04,595.0,597.0,592.0,595.0,565.3026123046875,55917115
2022-03-07,580.0,581.0,575.0,576.0,547.2508544921875,86496560
2022-03-08,561.0,570.0,561.0,563.0,534.8997192382812,79029914
2022-03-09,567.0,573.0,567.0,568.0,539.650146484375,52155415
2022-03-10,585.0,589.0,582.0,587.0,557.7018432617188,45630467
2022-03-11,581.0,582.0,574.0,575.0,546.3008422851562,38943098
2022-03-14,574.0,577.0,572.0,572.0,543.4505004882812,33919577
2022-03-15,562.0,563.0,558.0,558.0,530.1493530273438,74092231
2022-03-16,564.0,565.0,555.0,558.0,532.7750244140625,43438327
2022-03-17,578.0,583.0,575.0,582.0,555.6900024414062,60959900
2022-03-18,582.0,582.0,576.0,581.0,554.7352294921875,46242430
2022-03-21,583.0,589.0,583.0,586.0,559.5092163085938,21400273
2022-03-22,577.0,586.0,577.0,583.0,556.6448364257812,20246949
2022-03-23,590.0,590.0,586.0,590.0,563.3283081054688,25902069
2022-03-24,587.0,592.0,585.0,591.0,564.2832641601562,20060758
2022-03-25,597.0,598.0,595.0,598.0,570.9666748046875,26122381
2022-03-28,581.0,586.0,580.0,584.0,557.5996704101562,26391576
2022-03-29,586.0,589.0,584.0,589.0,562.3736572265625,14892032
2022-03-30,599.0,600.0,597.0,600.0,572.8763427734375,41230239
2022-03-31,602.0,602.0,594.0,597.0,570.0119018554688,22700114
2022-04-01,585.0,589.0,584.0,589.0,562.3736572265625,29732696
2022-04-06,578.0,580.0,575.0,578.0,551.870849609375,37645873
2022-04-07,571.0,573.0,566.0,566.0,540.4132690429688,42904743
2022-04-08,567.0,570.0,566.0,567.0,541.3681640625,28024587
2022-04-11,563.0,566.0,558.0,558.0,532.7750244140625,36820094
2022-04-12,554.0,564.0,552.0,557.0,531.8203125,30671407
2022-04-13,564.0,576.0,563.0,573.0,547.096923828125,35865970
2022-04-14,577.0,578.0,573.0,573.0,547.096923828125,19056590
2022-04-15,562.0,566.0,561.0,562.0,536.59423828125,28253360
2022-04-18,559.0,566.0,558.0,561.0,535.6393432617188,15800959
2022-04-19,566.0,569.0,563.0,565.0,539.4585571289062,16614705
2022-04-20,570.0,570.0,562.0,570.0,544.2324829101562,27606307
2022-04-21,571.0,571.0,565.0,565.0,539.4585571289062,18383650
2022-04-22,558.0,559.0,557.0,558.0,532.7750244140625,29283846
2022-04-25,550.0,552.0,546.0,547.0,522.272216796875,43389591
2022-04-26,550.0,551.0,544.0,546.0,521.3174438476562,35825421
2022-04-27,530.0,532.0,526.0,526.0,502.2215881347656,55941533
2022-04-28,530.0,532.0,523.0,531.0,506.99554443359375,45380836
2022-04-29,547.0,547.0,535.0,538.0,513.6791381835938,36664644
2022-05-03,538.0,540.0,530.0,531.0,506.99554443359375,26317509
2022-05-04,533.0,537.0,530.0,534.0,509.85992431640625,16569622
2022-05-05,543.0,544.0,539.0,542.0,517.498291015625,20374772
2022-05-06,528.0,531.0,526.0,528.0,504.1311340332031,32467268
2022-05-09,523.0,524.0,520.0,520.0,496.4927673339844,23709774
2022-05-10,506.0,519.0,505.0,518.0,494.583251953125,41679907
2022-05-11,518.0,526.0,518.0,521.0,497.44757080078125,27157254
2022-05-12,516.0,518.0,505.0,505.0,482.1708679199219,32532963
2022-05-13,507.0,514.0,506.0,511.0,487.899658203125,29074177
2022-05-16,521.0,524.0,518.0,520.0,496.4927673339844,21163106
2022-05-17,521.0,533.0,520.0,530.0,506.0407409667969,24496974
2022-05-18,541.0,541.0,534.0,538.0,513.6791381835938,30568176
2022-05-19,523.0,527.0,520.0,522.0,498.4024353027344,29019751
2022-05-20,524.0,532.0,523.0,530.0,506.0407409667969,22651205
2022-05-23,533.0,534.0,528.0,528.0,504.1311340332031,17054170
2022-05-24,530.0,531.0,520.0,520.0,496.4927673339844,17802308
2022-05-25,522.0,529.0,520.0,524.0,500.3119812011719,22176476
2022-05-26,523.0,525.0,513.0,514.0,490.7640380859375,28327403
2022-05-27,524.0,530.0,522.0,530.0,506.0407409667969,27866643
2022-05-30,538.0,547.0,537.0,547.0,522.272216796875,34476433
2022-05-31,542.0,560.0,540.0,560.0,534.6845092773438,72405873
2022-06-01,550.0,555.0,548.0,549.0,524.181884765625,29155176
2022-06-02,544.0,545.0,540.0,540.0,515.5886840820312,21420890
2022-06-06,541.0,544.0,538.0,540.0,515.5886840820312,17615003
2022-06-07,535.0,538.0,532.0,535.0,510.81475830078125,19497532
2022-06-08,539.0,545.0,538.0,544.0,519.4077758789062,18835521
2022-06-09,538.0,542.0,537.0,541.0,516.54345703125,16338602
2022-06-10,530.0,533.0,529.0,530.0,506.0407409667969,21357130
2022-06-13,518.0,519.0,515.0,516.0,492.67364501953125,32854092
2022-06-14,507.0,514.0,507.0,513.0,489.80926513671875,36304444
2022-06-15,508.0,515.0,508.0,509.0,485.9900817871094,35680283
2022-06-16,515.0,516.0,507.0,508.0,487.6700744628906,26909199
2022-06-17,499.5,503.0,499.0,501.0,480.9502258300781,43566737
2022-06-20,500.0,502.0,495.0,498.0,478.0702209472656,34209693
2022-06-21,501.0,505.0,499.0,505.0,484.79010009765625,33223685
2022-06-22,501.0,503.0,494.5,494.5,474.7103271484375,31034893
2022-06-23,492.0,493.5,485.0,485.5,466.0704650878906,43548940
2022-06-24,489.5,492.5,485.5,486.5,467.03045654296875,27911980
2022-06-27,496.0,506.0,495.5,498.5,478.55023193359375,37909718
2022-06-28,496.0,500.0,496.0,497.5,477.59027099609375,15274062
2022-06-29,496.0,498.5,491.0,491.0,471.3503723144531,30533789
2022-06-30,484.5,486.5,476.0,476.0,456.95068359375,46311432
2022-07-01,471.5,474.0,452.5,453.5,435.3511047363281,61744377
2022-07-04,443.0,451.5,440.0,440.0,422.3913879394531,52445919
2022-07-05,449.5,451.5,433.0,446.0,428.1512756347656,50084244
2022-07-06,442.0,447.5,435.0,435.5,418.0714416503906,40549763
2022-07-07,442.0,459.0,438.5,457.5,439.1910400390625,48151202
2022-07-08,470.0,470.5,461.5,467.0,448.31085205078125,37897895
2022-07-11,468.0,470.5,461.0,462.0,443.5109558105469,21941710
2022-07-12,458.0,458.0,449.5,449.5,431.51116943359375,23036423
2022-07-13,470.5,473.0,466.0,470.5,451.6708068847656,44035695
2022-07-14,466.0,477.5,463.0,475.0,455.99066162109375,31936258
2022-07-15,481.0,494.0,477.0,492.5,472.7903747558594,51846909
2022-07-18,495.5,498.5,488.5,495.5,475.6702575683594,39179575
2022-07-19,487.5,493.0,486.5,491.0,471.3503723144531,19874865
2022-07-20,502.0,503.0,491.5,495.0,475.1902770996094,35436652
2022-07-21,496.0,501.0,494.0,501.0,480.9502258300781,22285593
2022-07-22,505.0,505.0,500.0,503.0,482.8701171875,25216400
2022-07-25,500.0,503.0,498.0,499.5,479.5102233886719,15245346
2022-07-26,499.5,499.5,491.0,495.0,475.1902770996094,18024265
2022-07-27,494.0,502.0,491.0,502.0,481.91015625,17166365
2022-07-28,509.0,509.0,499.0,501.0,480.9502258300781,33844011
2022-07-29,508.0,510.0,504.0,509.0,488.6300048828125,29045617
2022-08-01,506.0,508.0,500.0,504.0,483.8301086425781,24117969
2022-08-02,494.0,496.0,488.5,492.0,472.3103942871094,39838155
2022-08-03,494.0,501.0,493.0,501.0,480.9502258300781,27603474
2022-08-04,499.0,503.0,495.0,500.0,479.9902038574219,26027618
2022-08-05,509.0,516.0,507.0,516.0,495.34991455078125,32784279
2022-08-08,510.0,515.0,509.0,512.0,491.5099792480469,19333128
2022-08-09,507.0,511.0,504.0,510.0,489.5899963378906,21164373
2022-08-10,500.0,503.0,499.5,500.0,479.9902038574219,20861380
2022-08-11,513.0,514.0,510.0,514.0,493.4299011230469,23740033
2022-08-12,515.0,518.0,514.0,517.0,496.30987548828125,19535923
2022-08-15,520.0,524.0,519.0,523.0,502.0697937011719,21273166
2022-08-16,526.0,526.0,523.0,525.0,503.9897155761719,20720414
2022-08-17,524.0,527.0,521.0,527.0,505.90966796875,27143102
2022-08-18,520.0,521.0,519.0,520.0,499.18975830078125,17831084
2022-08-19,519.0,523.0,517.0,519.0,498.2298278808594,14022812
2022-08-22,511.0,514.0,510.0,512.0,491.5099792480469,11494000
2022-08-23,503.0,506.0,502.0,504.0,483.8301086425781,19191108
2022-08-24,504.0,508.0,503.0,503.0,482.8701171875,14363212
2022-08-25,505.0,510.0,504.0,508.0,487.6700744628906,9357138
2022-08-26,513.0,515.0,511.0,512.0,491.5099792480469,12914846
2022-08-29,497.0,502.0,496.0,498.5,478.55023193359375,26590824
2022-08-30,497.5,500.0,496.0,496.0,476.15032958984375,24214535
2022-08-31,492.0,505.0,492.0,505.0,484.79010009765625,39357089
2022-09-01,495.0,495.5,490.0,490.5,470.870361328125,39168672
2022-09-02,488.0,489.5,485.0,485.0,465.5904541015625,29982959
2022-09-05,485.0,488.0,484.0,486.0,466.5504455566406,15903415
2022-09-06,488.5,491.5,486.5,489.0,469.4304504394531,16700285
2022-09-07,477.0,478.0,472.0,472.5,453.5907287597656,34678562
2022-09-08,473.0,475.0,472.0,475.0,455.99066162109375,27931552
2022-09-12,485.0,491.0,485.0,486.5,467.03045654296875,21597212
2022-09-13,495.0,495.0,491.0,493.0,473.2703552246094,16507036
2022-09-14,478.5,482.5,476.0,480.0,460.79058837890625,22645714
2022-09-15,476.0,480.0,476.0,476.5,460.0664978027344,23104850
2022-09-16,470.5,472.0,469.0,472.0,455.72161865234375,39087513
2022-09-19,472.0,473.0,466.5,467.0,450.89410400390625,17182380
2022-09-20,470.5,478.0,470.0,476.5,460.0664978027344,19842582
2022-09-21,473.5,475.5,468.5,471.0,454.75616455078125,24154633
2022-09-22,462.0,468.0,459.0,464.5,448.48028564453125,29702508
2022-09-23,458.5,460.5,455.0,455.0,439.3079528808594,29757787
2022-09-26,443.0,454.0,443.0,446.5,431.1011047363281,32342267
2022-09-27,449.0,451.5,446.0,448.0,432.5493469238281,24961404
2022-09-28,447.0,449.0,438.0,438.0,422.89422607421875,34402652
2022-09-29,443.0,443.5,432.0,435.0,419.9976501464844,41094780
2022-09-30,424.5,427.5,422.0,422.0,407.446044921875,48266800
2022-10-03,418.5,424.5,416.5,417.0,402.6184997558594,36044395
2022-10-04,429.5,432.0,427.0,429.0,414.2046203613281,40375000
2022-10-05,444.5,451.0,442.0,445.0,429.65283203125,46496536
2022-10-06,450.5,451.0,447.0,451.0,435.4458923339844,30331834
2022-10-07,448.5,448.5,437.0,438.0,422.89422607421875,31941781
2022-10-11,408.0,412.5,401.0,401.5,387.6530456542969,95793819
2022-10-12,397.0,400.0,395.5,397.5,383.791015625,53570085
2022-10-13,400.5,403.0,395.0,395.0,381.3772277832031,38046284
2022-10-14,414.5,416.0,409.0,412.0,397.7909240722656,54504366
2022-10-17,400.0,403.5,396.0,397.0,383.3082580566406,41512192
2022-10-18,406.5,407.0,399.5,407.0,392.9633483886719,40093216
2022-10-19,404.0,405.0,395.5,395.5,381.8600158691406,46385177
2022-10-20,391.0,397.5,386.0,397.5,383.791015625,52938069
2022-10-21,395.5,398.5,389.5,389.5,376.06689453125,35923505
2022-10-24,395.0,397.5,387.0,387.0,373.65313720703125,46714078
2022-10-25,380.0,382.5,371.0,371.0,358.2049560546875,76416687
2022-10-26,370.5,379.0,370.0,376.0,363.0325012207031,58850484
2022-10-27,384.5,389.0,382.5,385.5,372.2048645019531,45684455
2022-10-28,379.5,382.0,375.0,379.5,366.41180419921875,40184472
2022-10-31,386.0,390.0,381.0,390.0,376.5496826171875,38409054
2022-11-01,388.5,393.0,386.0,391.5,377.9979553222656,41426496
2022-11-02,391.0,395.0,388.5,395.0,381.3772277832031,22535650
2022-11-03,385.0,387.0,383.5,384.0,370.756591796875,39731333
2022-11-04,381.0,384.5,378.5,382.0,368.8255920410156,28397417
2022-11-07,390.0,393.0,387.0,390.0,376.5496826171875,35387706
2022-11-08,395.0,399.5,394.0,399.0,385.2392578125,31838223
2022-11-09,403.5,417.0,403.5,417.0,402.6184997558594,52260831
2022-11-10,409.0,411.5,406.0,407.5,393.4461364746094,32044942
2022-11-11,441.5,442.0,435.0,441.5,426.2735290527344,80016195
2022-11-14,450.0,450.0,441.5,445.0,429.65283203125,61933190
2022-11-15,465.0,487.0,462.0,480.0,463.44573974609375,113379796
2022-11-16,491.5,494.0,481.5,487.0,470.204345703125,85726375
2022-11-17,482.5,485.0,475.0,485.0,468.2733154296875,45144984
2022-11-18,491.5,494.0,486.0,487.0,470.204345703125,35859717
2022-11-21,487.5,489.5,480.5,482.0,465.376708984375,29710180
2022-11-22,476.0,491.0,476.0,491.0,474.0663757324219,37343127
2022-11-23,494.5,496.0,488.5,492.0,475.0318908691406,33475337
2022-11-24,494.0,496.0,492.0,496.0,478.8939514160156,27396552
2022-11-25,494.0,498.0,494.0,498.0,480.8249816894531,39949969
2022-11-28,486.0,490.0,480.5,480.5,463.9284973144531,38926919
2022-11-29,473.5,488.0,473.0,487.0,470.204345703125,38182197
2022-11-30,483.0,490.0,482.5,490.0,473.1009216308594,57111603
2022-12-01,506.0,508.0,498.5,498.5,481.3077087402344,41746878
2022-12-02,490.0,497.0,490.0,492.5,475.5146484375,28319679
2022-12-05,491.5,497.5,489.0,489.0,472.1353454589844,28360444
2022-12-06,488.0,489.0,478.0,478.0,461.5146789550781,40561068
2022-12-07,477.0,485.5,475.0,475.0,458.6181945800781,36563503
2022-12-08,475.0,475.0,467.0,471.5,455.2389221191406,27238567
2022-12-09,478.0,484.5,476.0,481.5,464.8940124511719,25915337
2022-12-12,476.5,478.0,473.5,475.0,458.6181945800781,20973334
2022-12-13,473.0,476.0,471.0,471.5,455.2389221191406,33272826
2022-12-14,472.0,480.5,472.0,480.5,463.9284973144531,30636639
2022-12-15,476.0,481.5,474.5,480.5,466.59893798828125,24222008
2022-12-16,466.5,471.0,465.5,471.0,457.373779296875,47601400
2022-12-19,466.5,469.5,465.0,466.5,453.0039367675781,21075559
2022-12-20,465.0,467.0,455.0,457.5,444.26434326171875,31139235
2022-12-21,460.0,463.0,457.0,459.0,445.720947265625,36182644
2022-12-22,466.5,469.0,464.0,468.0,454.4605712890625,14047382
2022-12-23,457.5,458.5,455.0,455.0,441.8366394042969,24927413
2022-12-26,454.0,457.0,453.5,456.5,443.2932434082031,8793306
2022-12-27,458.0,462.5,457.0,457.0,443.77880859375,10264001
2022-12-28,451.0,452.0,446.0,451.0,437.9523620605469,32578949
2022-12-29,444.0,449.5,442.5,446.0,433.0970153808594,23020759
2022-12-30,455.0,456.5,448.5,448.5,435.5246887207031,21683478
2023-01-03,446.0,453.5,443.0,453.0,439.8945007324219,14885824
2023-01-04,449.5,455.0,448.5,449.5,436.4957580566406,19188422
2023-01-05,459.0,459.5,455.0,458.5,445.23541259765625,23549581
2023-01-06,455.0,459.5,455.0,458.5,445.23541259765625,20886011
2023-01-09,468.0,481.0,467.5,481.0,467.0844421386719,46666263
2023-01-10,486.0,487.0,483.0,486.0,471.9397888183594,32646014
2023-01-11,487.0,488.0,482.0,484.5,470.48321533203125,21051115
2023-01-12,487.5,488.0,484.0,486.5,472.42535400390625,20963689
2023-01-13,507.0,509.0,499.0,500.0,485.5347595214844,77606949
2023-01-16,506.0,508.0,503.0,505.0,490.39013671875,34373918
2023-01-17,504.0,504.0,499.5,503.0,488.447998046875,27770329
2023-01-30,542.0,543.0,534.0,543.0,527.290771484375,124428936
2023-01-31,537.0,538.0,521.0,522.0,506.8983154296875,72530854
2023-02-01,532.0,533.0,522.0,530.0,514.6668090820312,33710990
2023-02-02,538.0,542.0,537.0,540.0,524.3775634765625,43077053
2023-02-03,540.0,542.0,536.0,542.0,526.3197021484375,31635865
2023-02-06,532.0,533.0,526.0,526.0,510.7825927734375,30870136
2023-02-07,524.0,528.0,522.0,523.0,507.8694152832031,23481767
2023-02-08,538.0,540.0,534.0,540.0,524.3775634765625,35096191
2023-02-09,540.0,540.0,536.0,540.0,524.3775634765625,18861972
2023-02-10,544.0,546.0,541.0,545.0,529.23291015625,28495684
2023-02-13,544.0,544.0,538.0,541.0,525.3486328125,22768977
2023-02-14,544.0,546.0,543.0,545.0,529.23291015625,21883297
2023-02-15,526.0,532.0,522.0,525.0,509.8115539550781,61796793
2023-02-16,528.0,531.0,524.0,528.0,512.7247314453125,29975138
2023-02-17,524.0,524.0,516.0,518.0,503.0140380859375,28121975
2023-02-20,514.0,519.0,511.0,517.0,502.04296875,20065156
2023-02-21,515.0,517.0,513.0,516.0,501.0718688964844,13504100
2023-02-22,506.0,509.0,505.0,507.0,492.3322448730469,24575245
2023-02-23,512.0,521.0,510.0,518.0,503.0140380859375,25376835
2023-02-24,524.0,525.0,511.0,511.0,496.216552734375,41692491
2023-03-01,504.0,522.0,504.0,522.0,506.8983154296875,39560848
2023-03-02,519.0,520.0,515.0,519.0,503.985107421875,16558784
2023-03-03,524.0,525.0,516.0,516.0,501.0718688964844,23253895
2023-03-06,520.0,524.0,517.0,521.0,505.92724609375,21922085
2023-03-07,521.0,526.0,519.0,524.0,508.84051513671875,24861078
2023-03-08,521.0,523.0,518.0,521.0,505.92724609375,24512408
2023-03-09,525.0,526.0,522.0,522.0,506.8983154296875,21557577
2023-03-10,515.0,516.0,511.0,513.0,498.1586608886719,24045605
2023-03-13,513.0,518.0,509.0,516.0,501.0718688964844,21466947
2023-03-14,511.0,514.0,510.0,510.0,495.2454833984375,20474770
2023-03-15,515.0,516.0,510.0,511.0,496.216552734375,23208597
2023-03-16,505.0,510.0,504.0,505.0,493.0433349609375,21965994
2023-03-17,516.0,518.0,513.0,518.0,505.73553466796875,33118483
2023-03-20,517.0,518.0,510.0,512.0,499.8775634765625,11837312
2023-03-21,515.0,517.0,512.0,517.0,504.7591857910156,18284799
2023-03-22,524.0,533.0,524.0,533.0,520.38037109375,42385987
2023-03-23,528.0,539.0,528.0,538.0,525.2620239257812,26728246
2023-03-24,536.0,539.0,535.0,539.0,526.23828125,21926240
2023-03-27,533.0,536.0,531.0,531.0,518.427734375,16111177
2023-03-28,525.0,530.0,524.0,525.0,512.56982421875,17234120
2023-03-29,533.0,533.0,525.0,530.0,517.4513549804688,17280749
2023-03-30,536.0,537.0,531.0,535.0,522.3330688476562,19201564
2023-03-31,538.0,538.0,532.0,533.0,520.38037109375,23558838
2023-04-06,530.0,531.0,526.0,530.0,517.4513549804688,25423363
2023-04-07,535.0,535.0,529.0,531.0,518.427734375,8557482
2023-04-10,533.0,533.0,528.0,529.0,516.47509765625,7435151
2023-04-11,522.0,527.0,522.0,524.0,511.593505859375,22675697
2023-04-12,523.0,524.0,517.0,520.0,507.68817138671875,23816473
2023-04-13,515.0,517.0,510.0,510.0,497.9248962402344,25536889
2023-04-14,516.0,520.0,513.0,516.0,503.7828674316406,18072504
2023-04-17,519.0,520.0,514.0,520.0,507.68817138671875,14634287
2023-04-18,518.0,520.0,514.0,515.0,502.8065185546875,15168888
2023-04-19,517.0,518.0,509.0,510.0,497.9248962402344,21123233
2023-04-20,512.0,516.0,510.0,513.0,500.8539123535156,17221961
2023-04-21,520.0,520.0,510.0,511.0,498.9012756347656,25016683
2023-04-24,505.0,510.0,504.0,507.0,494.9959411621094,16886512
2023-04-25,504.0,505.0,498.0,498.0,486.20904541015625,36898412
2023-04-26,498.0,498.5,491.0,491.5,479.8629150390625,31269245
2023-04-27,491.0,495.0,489.0,493.5,481.81561279296875,29537148
2023-04-28,498.5,502.0,498.0,502.0,490.1143493652344,24824100
2023-05-02,500.0,502.0,496.5,501.0,489.1380310058594,15325791
2023-05-03,496.0,498.0,495.0,496.0,484.25640869140625,11369311
2023-05-04,497.0,499.5,496.0,498.0,486.20904541015625,13140291
2023-05-05,500.0,502.0,498.5,500.0,488.16168212890625,7488897
2023-05-08,509.0,509.0,502.0,504.0,492.06695556640625,11243634
2023-05-09,507.0,510.0,505.0,510.0,497.9248962402344,16197743
2023-05-10,508.0,508.0,500.0,503.0,491.09063720703125,18859212
2023-05-11,506.0,506.0,498.5,499.0,487.18536376953125,13382927
2023-05-12,496.0,500.0,495.0,496.0,484.25640869140625,18465362
2023-05-15,497.0,499.5,494.5,495.5,483.76824951171875,13315766
2023-05-16,503.0,508.0,500.0,505.0,493.0433349609375,21140315
2023-05-17,508.0,521.0,506.0,519.0,506.71185302734375,41406763
2023-05-18,533.0,536.0,526.0,530.0,517.4513549804688,43096277
2023-05-19,535.0,535.0,529.0,532.0,519.404052734375,32099068
2023-05-22,532.0,533.0,529.0,531.0,518.427734375,17208135
2023-05-23,530.0,531.0,525.0,530.0,517.4513549804688,19588873
2023-05-24,527.0,528.0,524.0,525.0,512.56982421875,19086681
2023-05-25,542.0,545.0,537.0,543.0,530.1435546875,63827245
2023-05-26,568.0,568.0,563.0,566.0,552.5990600585938,95808471
2023-05-29,574.0,574.0,564.0,568.0,554.5516967773438,54657853
2023-05-30,566.0,568.0,563.0,566.0,552.5990600585938,40136130
2023-05-31,560.0,562.0,551.0,558.0,544.7883911132812,81176782
2023-06-01,550.0,554.0,550.0,551.0,537.9541625976562,24477529
2023-06-02,559.0,564.0,557.0,562.0,548.6936645507812,30206141
2023-06-05,560.0,560.0,555.0,555.0,541.8594970703125,16827391
2023-06-06,554.0,562.0,553.0,560.0,546.7411499023438,20228086
2023-06-07,561.0,568.0,560.0,568.0,554.5516967773438,27604813
2023-06-08,562.0,568.0,555.0,559.0,545.7648315429688,23080195
2023-06-09,561.0,566.0,561.0,565.0,551.6226806640625,19091713
2023-06-12,574.0,574.0,571.0,574.0,560.4096069335938,26392389
2023-06-13,593.0,594.0,589.0,593.0,578.959716796875,56174363
2023-06-14,590.0,591.0,587.0,590.0,576.0308227539062,23583314
2023-06-15,590.0,593.0,587.0,591.0,579.708984375,27392154
2023-06-16,590.0,590.0,584.0,589.0,577.7471923828125,38128802
2023-06-19,583.0,585.0,582.0,583.0,571.8618774414062,14346885
2023-06-20,579.0,585.0,579.0,583.0,571.8618774414062,16221413
2023-06-21,582.0,585.0,578.0,581.0,569.9000854492188,21703937
2023-06-26,576.0,578.0,574.0,574.0,563.0337524414062,27142262
2023-06-27,570.0,575.0,569.0,572.0,561.0719604492188,21501718
2023-06-28,579.0,579.0,571.0,574.0,563.0337524414062,18175426
2023-06-29,578.0,580.0,570.0,573.0,562.0529174804688,16937929
2023-06-30,570.0,576.0,568.0,576.0,564.9955444335938,22654976
2023-07-03,578.0,580.0,576.0,579.0,567.938232421875,14785585
2023-07-04,585.0,585.0,580.0,585.0,573.8236083984375,17219541
2023-07-05,589.0,589.0,579.0,582.0,570.8809204101562,14913592
2023-07-06,573.0,574.0,565.0,565.0,554.2056884765625,28564891
2023-07-07,565.0,572.0,563.0,565.0,554.2056884765625,18796190
2023-07-10,567.0,573.0,565.0,565.0,554.2056884765625,18454982
2023-07-11,574.0,577.0,570.0,577.0,565.9764404296875,17850636
2023-07-12,574.0,578.0,572.0,578.0,566.9573364257812,15588228
2023-07-13,587.0,590.0,585.0,585.0,573.8236083984375,25442137
2023-07-14,589.0,591.0,587.0,591.0,579.708984375,23121873
2023-07-17,588.0,591.0,587.0,591.0,579.708984375,13807834
2023-07-18,587.0,588.0,580.0,581.0,569.9000854492188,20932006
2023-07-19,584.0,587.0,579.0,581.0,569.9000854492188,22499123
2023-07-20,580.0,584.0,578.0,579.0,567.938232421875,15108109
2023-07-21,560.0,563.0,557.0,560.0,549.30126953125,46711021
2023-07-24,557.0,563.0,557.0,558.0,547.3394165039062,25268835
2023-07-25,561.0,569.0,561.0,569.0,558.1292724609375,19590349
2023-07-26,569.0,571.0,563.0,566.0,555.1866455078125,13314305
2023-07-27,570.0,570.0,566.0,569.0,558.1292724609375,12200358
2023-07-28,569.0,573.0,565.0,567.0,556.16748046875,18540078
2023-07-31,575.0,575.0,560.0,565.0,554.2056884765625,24208467
2023-08-01,565.0,568.0,564.0,567.0,556.16748046875,16259643
2023-08-02,567.0,569.0,558.0,561.0,550.2821655273438,25583234
2023-08-04,556.0,560.0,552.0,554.0,543.4158325195312,26279173
2023-08-07,558.0,561.0,556.0,558.0,547.3394165039062,14369551
2023-08-08,558.0,558.0,551.0,552.0,541.4541015625,19010690
2023-08-09,550.0,557.0,550.0,554.0,543.4158325195312,14389090
2023-08-10,552.0,554.0,550.0,551.0,540.47314453125,17892615
2023-08-11,556.0,558.0,546.0,546.0,535.5687255859375,17608427
2023-08-14,540.0,543.0,537.0,541.0,530.6641845703125,20939030
2023-08-15,543.0,545.0,540.0,542.0,531.6451416015625,14066307
2023-08-16,541.0,543.0,536.0,542.0,531.6451416015625,28269840
2023-08-17,540.0,546.0,537.0,544.0,533.60693359375,22843138
2023-08-18,540.0,544.0,539.0,539.0,528.7024536132812,17592345
2023-08-21,544.0,544.0,534.0,537.0,526.7406005859375,16633821
2023-08-22,544.0,544.0,538.0,541.0,530.6641845703125,14594304
2023-08-23,546.0,552.0,544.0,552.0,541.4541015625,20636332
2023-08-24,563.0,564.0,558.0,564.0,553.2247924804688,23280827
2023-08-25,549.0,551.0,546.0,546.0,535.5687255859375,24144537
2023-08-28,547.0,553.0,547.0,549.0,538.5114135742188,8991985
2023-08-29,551.0,553.0,546.0,552.0,541.4541015625,10516678
2023-08-30,558.0,560.0,554.0,555.0,544.3967895507812,15117416
2023-08-31,553.0,556.0,548.0,549.0,538.5114135742188,40431378
2023-09-01,543.0,553.0,543.0,548.0,537.530517578125,13669766
2023-09-04,549.0,557.0,549.0,557.0,546.3585815429688,9531157
2023-09-05,553.0,555.0,550.0,552.0,541.4541015625,12220686
2023-09-06,556.0,556.0,550.0,550.0,539.4922485351562,14067008
2023-09-07,546.0,548.0,542.0,542.0,531.6451416015625,20717005
2023-09-08,535.0,540.0,535.0,539.0,528.7024536132812,15283568
2023-09-11,539.0,540.0,536.0,536.0,525.759765625,14631968
2023-09-12,536.0,545.0,536.0,544.0,533.60693359375,16028336
2023-09-13,545.0,548.0,541.0,541.0,530.6641845703125,16191392
2023-09-14,544.0,550.0,543.0,550.0,542.5005493164062,17144287
2023-09-15,549.0,558.0,547.0,558.0,550.3914794921875,42517441
2023-09-18,548.0,549.0,540.0,540.0,532.636962890625,36684692
2023-09-19,539.0,543.0,538.0,538.0,530.6642456054688,18901683
2023-09-20,536.0,538.0,535.0,535.0,527.7051391601562,24635567
2023-09-21,530.0,531.0,526.0,527.0,519.814208984375,32012694
2023-09-22,523.0,525.0,522.0,522.0,514.8823852539062,29049309
2023-09-25,522.0,529.0,522.0,525.0,517.8414916992188,17116402
2023-09-26,521.0,524.0,519.0,519.0,511.9233093261719,26392692
2023-09-27,517.0,523.0,516.0,522.0,514.8823852539062,16846401
2023-09-28,523.0,525.0,520.0,523.0,515.8687133789062,19733331
2023-10-02,530.0,534.0,528.0,533.0,525.732421875,25427911
2023-10-03,528.0,533.0,528.0,529.0,521.7869262695312,14490129
2023-10-04,521.0,523.0,519.0,520.0,512.90966796875,28358964
2023-10-05,523.0,529.0,523.0,528.0,520.800537109375,24945684
2023-10-06,530.0,533.0,529.0,532.0,524.7460327148438,15336587
2023-10-11,542.0,544.0,540.0,544.0,536.5823974609375,46639969
2023-10-12,545.0,550.0,544.0,550.0,542.5005493164062,34161176
2023-10-13,550.0,554.0,548.0,553.0,545.459716796875,31123496
2023-10-16,546.0,547.0,542.0,545.0,537.5687866210938,19875676
2023-10-17,550.0,552.0,548.0,551.0,543.4869384765625,18364998
2023-10-18,549.0,549.0,540.0,540.0,532.636962890625,26418940
2023-10-19,540.0,548.0,540.0,546.0,538.55517578125,22881262
2023-10-20,549.0,556.0,546.0,556.0,548.4187622070312,45984177
2023-10-23,552.0,553.0,543.0,544.0,536.5823974609375,22747367
2023-10-24,543.0,546.0,540.0,544.0,536.5823974609375,15007814
2023-10-25,544.0,551.0,544.0,544.0,536.5823974609375,16526355
2023-10-26,530.0,535.0,530.0,531.0,523.7597045898438,28188348
2023-10-27,534.0,536.0,532.0,533.0,525.732421875,15679643
2023-10-30,531.0,534.0,528.0,532.0,524.7460327148438,21404842
2023-10-31,535.0,535.0,527.0,529.0,521.7869262695312,25667058
2023-11-01,533.0,533.0,527.0,528.0,520.800537109375,13603347
2023-11-02,536.0,547.0,535.0,547.0,539.54150390625,29401438
2023-11-03,547.0,549.0,545.0,549.0,541.5142211914062,15426176
2023-11-06,553.0,556.0,550.0,550.0,542.5005493164062,29215201
2023-11-07,552.0,555.0,550.0,555.0,547.4324340820312,14777790
2023-11-08,550.0,557.0,550.0,556.0,548.4187622070312,15314834
2023-11-09,551.0,557.0,551.0,557.0,549.4051513671875,13165684
2023-11-10,555.0,557.0,554.0,557.0,549.4051513671875,12994933
2023-11-13,579.0,580.0,571.0,571.0,563.2142333984375,43866014
2023-11-14,576.0,576.0,571.0,572.0,564.2006225585938,21568576
2023-11-15,583.0,583.0,575.0,581.0,573.0779418945312,50305088
2023-11-16,581.0,583.0,578.0,583.0,575.0506591796875,28291435
2023-11-17,579.0,583.0,579.0,580.0,572.091552734375,22031704
2023-11-20,576.0,579.0,575.0,577.0,569.1324462890625,22010114
2023-11-21,582.0,585.0,581.0,585.0,577.0233764648438,35921706
2023-11-22,576.0,579.0,574.0,577.0,569.1324462890625,21969125
2023-11-23,574.0,578.0,574.0,578.0,570.1187744140625,14486134
2023-11-24,577.0,578.0,574.0,575.0,567.15966796875,10058969
2023-11-27,573.0,577.0,568.0,568.0,560.2551879882812,18528520
2023-11-28,565.0,576.0,565.0,575.0,567.15966796875,26343906
2023-11-29,578.0,579.0,570.0,574.0,566.17333984375,24868842
2023-11-30,576.0,577.0,570.0,577.0,569.1324462890625,47192647
2023-12-01,573.0,579.0,573.0,579.0,571.1051635742188,28051165
2023-12-04,582.0,582.0,571.0,574.0,566.17333984375,26847171
2023-12-05,571.0,572.0,567.0,570.0,562.2279052734375,22229723
2023-12-06,568.0,575.0,568.0,570.0,562.2279052734375,21518089
2023-12-07,570.0,573.0,566.0,566.0,558.282470703125,20840397
2023-12-08,574.0,577.0,570.0,570.0,562.2279052734375,33507214
2023-12-11,572.0,575.0,570.0,574.0,566.17333984375,27378610
2023-12-12,580.0,581.0,575.0,578.0,570.1187744140625,29403010
2023-12-13,576.0,579.0,576.0,577.0,569.1324462890625,22977731
2023-12-14,581.0,582.0,579.0,582.0,577.0646362304688,39409958
2023-12-15,585.0,586.0,580.0,585.0,580.0391845703125,54323262
2023-12-18,579.0,585.0,577.0,585.0,580.0391845703125,26122277
2023-12-19,588.0,588.0,580.0,585.0,580.0391845703125,28254292
2023-12-20,587.0,587.0,583.0,585.0,580.0391845703125,38121456
2023-12-21,577.0,579.0,575.0,577.0,572.1069946289062,24923414
2023-12-22,582.0,582.0,579.0,582.0,577.0646362304688,18690214
2023-12-25,582.0,585.0,580.0,581.0,576.0731201171875,9548143
2023-12-26,583.0,586.0,582.0,586.0,581.0307006835938,16094308
2023-12-27,587.0,592.0,586.0,592.0,586.9797973632812,33401336
2023-12-28,592.0,593.0,589.0,593.0,587.9713134765625,25514849
2023-12-29,589.0,593.0,589.0,593.0,587.9713134765625,18416318
2024-01-02,590.0,593.0,589.0,593.0,587.9713134765625,26059058
2024-01-03,584.0,585.0,576.0,578.0,573.0985107421875,37106763
2024-01-04,580.0,581.0,577.0,580.0,575.08154296875,15309129
2024-01-05,578.0,580.0,574.0,576.0,571.115478515625,18158971
2024-01-08,582.0,585.0,579.0,583.0,578.05615234375,17761275
2024-01-09,588.0,589.0,583.0,586.0,581.0307006835938,22501510
2024-01-10,581.0,586.0,580.0,584.0,579.0476684570312,13037716
2024-01-11,586.0,589.0,583.0,586.0,581.0307006835938,23997409
2024-01-12,581.0,588.0,581.0,584.0,579.0476684570312,16496053
2024-01-15,590.0,590.0,585.0,586.0,581.0307006835938,21143076
2024-01-16,581.0,588.0,579.0,580.0,575.08154296875,27223860
2024-01-17,583.0,584.0,578.0,581.0,576.0731201171875,42592335
2024-01-18,586.0,589.0,585.0,588.0,583.0137329101562,27209996
2024-01-19,625.0,627.0,614.0,626.0,620.6914672851562,161106401
2024-01-22,633.0,633.0,623.0,626.0,620.6914672851562,65168775
2024-01-23,629.0,629.0,622.0,628.0,622.6744995117188,41072439
2024-01-24,628.0,630.0,624.0,627.0,621.6829833984375,26635005
2024-01-25,635.0,642.0,633.0,642.0,636.5557861328125,52243347
2024-01-26,644.0,646.0,639.0,644.0,638.5388793945312,41153025
2024-01-29,646.0,648.0,644.0,648.0,642.5048828125,27825490
2024-01-30,642.0,647.0,642.0,642.0,636.5557861328125,36161825
2024-01-31,634.0,637.0,626.0,628.0,622.6744995117188,41277950
2024-02-01,625.0,628.0,619.0,628.0,622.6744995117188,44946369
2024-02-02,633.0,635.0,628.0,635.0,629.6151733398438,26334815
2024-02-05,645.0,647.0,638.0,646.0,640.5219116210938,44017740
2024-02-15,709.0,709.0,693.0,697.0,691.0894165039062,112945296
2024-02-16,697.0,699.0,683.0,683.0,677.2081298828125,44232811
2024-02-19,674.0,682.0,674.0,678.0,672.25048828125,34408673
2024-02-20,675.0,688.0,675.0,687.0,681.1741943359375,30166461
2024-02-21,678.0,683.0,678.0,681.0,675.22509765625,30564485
2024-02-22,695.0,695.0,685.0,692.0,686.1317749023438,33145643
2024-02-23,701.0,703.0,696.0,697.0,691.0894165039062,46448923
2024-02-26,700.0,700.0,695.0,698.0,692.0808715820312,28798079
2024-02-27,700.0,701.0,691.0,698.0,692.0808715820312,33006829
2024-02-29,691.0,698.0,688.0,690.0,684.1487426757812,54368302
2024-03-01,697.0,697.0,688.0,689.0,683.1572265625,23390635
2024-03-04,714.0,725.0,711.0,725.0,718.8519287109375,88861397
2024-03-05,735.0,738.0,728.0,730.0,723.8095703125,64403889
2024-03-06,718.0,738.0,717.0,735.0,728.7671508789062,43687122
2024-03-07,755.0,769.0,754.0,760.0,753.5551147460938,71817344
2024-03-08,795.0,796.0,772.0,784.0,777.3516235351562,87139744
2024-03-11,768.0,778.0,761.0,766.0,759.5042724609375,64759810
2024-03-12,757.0,771.0,754.0,770.0,763.4703979492188,58110339
2024-03-13,785.0,785.0,777.0,779.0,772.39404296875,36754557
2024-03-14,779.0,785.0,770.0,784.0,777.3516235351562,42010806
2024-03-15,771.0,777.0,753.0,753.0,746.614501953125,73316437
2024-03-18,754.0,765.0,754.0,764.0,761.0584716796875,43589856
2024-03-19,758.0,765.0,755.0,762.0,759.066162109375,30152375
2024-03-20,764.0,769.0,752.0,758.0,755.0816040039062,41280325
2024-03-21,773.0,784.0,772.0,784.0,780.9814453125,46026103
2024-03-22,788.0,789.0,775.0,785.0,781.9776000976562,30660820
2024-03-25,783.0,788.0,779.0,780.0,776.9968872070312,19877101
2024-03-26,788.0,792.0,776.0,782.0,778.9891967773438,40990702
2024-03-27,785.0,785.0,779.0,779.0,776.000732421875,18794479
2024-03-28,774.0,776.0,768.0,769.0,766.0392456054688,27190918
2024-03-29,769.0,777.0,768.0,776.0,773.0122680664062,9802000
2024-04-01,783.0,783.0,769.0,770.0,767.035400390625,21041261
2024-04-02,784.0,790.0,783.0,790.0,786.9583740234375,37974481
2024-04-03,783.0,785.0,778.0,780.0,776.9968872070312,30890544
2024-04-08,789.0,792.0,783.0,783.0,779.9853515625,32202226
2024-04-09,795.0,820.0,792.0,819.0,815.8467407226562,56857731
2024-04-10,815.0,819.0,810.0,815.0,811.8621215820312,27480849
2024-04-11,811.0,820.0,811.0,820.0,816.8428955078125,25200651
2024-04-12,823.0,826.0,817.0,818.0,814.8505859375,31508936
2024-04-15,804.0,812.0,803.0,806.0,802.8967895507812,38913470
2024-04-16,802.0,803.0,785.0,788.0,784.966064453125,49508969
2024-04-17,798.0,808.0,793.0,804.0,800.9044799804688,34472074
2024-04-18,796.0,810.0,792.0,804.0,800.9044799804688,43598591
2024-04-19,769.0,770.0,746.0,750.0,747.1123657226562,130968654
2024-04-22,740.0,757.0,740.0,742.0,739.1431884765625,46540798
2024-04-23,761.0,761.0,752.0,754.0,751.0969848632812,30423647
2024-04-24,770.0,785.0,769.0,783.0,779.9853515625,39457128
2024-04-25,770.0,774.0,765.0,766.0,763.05078125,28534926
2024-04-26,788.0,789.0,782.0,782.0,778.9891967773438,32571247
2024-04-29,790.0,795.0,787.0,795.0,791.9391479492188,26765837
2024-04-30,797.0,802.0,790.0,790.0,786.9583740234375,39051972
2024-05-02,789.0,789.0,772.0,772.0,769.0276489257812,40527228
2024-05-03,788.0,788.0,773.0,780.0,776.9968872070312,29901556
2024-05-06,791.0,793.0,786.0,786.0,782.9737548828125,32599878
2024-05-07,797.0,800.0,792.0,800.0,796.9198608398438,33890214
2024-05-08,794.0,802.0,792.0,802.0,798.9121704101562,21757193
2024-05-09,798.0,802.0,796.0,796.0,792.9352416992188,21923999
2024-05-10,803.0,807.0,798.0,802.0,798.9121704101562,25101318
2024-05-13,823.0,825.0,818.0,819.0,815.8467407226562,34812619
2024-05-14,816.0,825.0,811.0,825.0,821.8236083984375,28691846
2024-05-15,838.0,844.0,837.0,839.0,835.7697143554688,39467772
2024-05-16,852.0,856.0,837.0,841.0,837.7620239257812,43927195
2024-05-17,848.0,848.0,834.0,835.0,831.7850952148438,26207289
2024-05-20,834.0,838.0,822.0,835.0,831.7850952148438,28808661
2024-05-21,830.0,841.0,830.0,841.0,837.7620239257812,19705349
2024-05-22,845.0,865.0,843.0,864.0,860.6734619140625,36628342
2024-05-23,875.0,877.0,867.0,875.0,871.631103515625,37266618
2024-05-24,858.0,872.0,858.0,867.0,863.6619262695312,34136382
2024-05-27,872.0,878.0,866.0,869.0,865.6542358398438,26726954
2024-05-28,867.0,873.0,865.0,865.0,861.6696166992188,25329216
2024-05-29,861.0,868.0,856.0,857.0,853.700439453125,33436835
2024-05-30,841.0,848.0,838.0,838.0,834.7735595703125,38065102
2024-05-31,838.0,846.0,821.0,821.0,817.8389892578125,77438401
2024-06-03,839.0,853.0,837.0,846.0,842.7427368164062,28345488
2024-06-04,844.0,851.0,837.0,839.0,835.7697143554688,28223635
2024-06-05,841.0,857.0,835.0,854.0,850.7119750976562,31975446
2024-06-06,893.0,899.0,885.0,894.0,890.5579833984375,62925136
2024-06-07,885.0,888.0,879.0,879.0,875.61572265625,41075399
2024-06-11,892.0,895.0,883.0,883.0,879.6002807617188,48228488
2024-06-12,888.0,914.0,888.0,909.0,905.5001831054688,48106925
2024-06-13,923.0,935.0,911.0,919.0,919.0,55857091
2024-06-14,916.0,922.0,905.0,922.0,922.0,38408123
2024-06-17,913.0,925.0,913.0,921.0,921.0,26292426
2024-06-18,944.0,950.0,940.0,943.0,943.0,37876013
2024-06-19,953.0,984.0,953.0,981.0,981.0,72228052
2024-06-20,971.0,981.0,971.0,981.0,981.0,48225374
2024-06-21,961.0,978.0,960.0,970.0,970.0,88376132
2024-06-24,958.0,960.0,940.0,940.0,940.0,66391994
2024-06-25,925.0,945.0,923.0,945.0,945.0,57368432
2024-06-26,951.0,960.0,951.0,960.0,960.0,44967166
2024-06-27,951.0,961.0,949.0,960.0,960.0,39729446
2024-06-28,956.0,971.0,955.0,966.0,966.0,39138210
2024-07-01,968.0,977.0,965.0,968.0,968.0,19935737
2024-07-02,967.0,971.0,959.0,960.0,960.0,25427569
2024-07-03,976.0,979.0,967.0,979.0,979.0,24070411
2024-07-04,1000.0,1010.0,997.0,1005.0,1005.0,41893299
2024-07-05,1005.0,1010.0,1000.0,1005.0,1005.0,19998094
2024-07-08,1005.0,1050.0,1000.0,1035.0,1035.0,40146763
2024-07-09,1030.0,1055.0,1025.0,1040.0,1040.0,46373121
